{
    "counter": {
        "ACTIVE": 18110,
        "INACTIVE": 1274,
        "INVALID": 0,
        "MALICIOUS": 0,
        "SANE": 0,
        "VALID": 0,
        "total": 19384
    },
    "percentage": {
        "ACTIVE": 93.4275691291787,
        "INACTIVE": 6.572430870821296,
        "INVALID": 0.0,
        "MALICIOUS": 0.0,
        "SANE": 0.0,
        "VALID": 0.0,
        "total": 100.0
    }
}