{
    "counter": {
        "ACTIVE": 16483,
        "INACTIVE": 996,
        "INVALID": 0,
        "MALICIOUS": 0,
        "SANE": 0,
        "VALID": 0,
        "total": 17479
    },
    "percentage": {
        "ACTIVE": 94.30712896212381,
        "INACTIVE": 5.698266491218033,
        "INVALID": 0,
        "MALICIOUS": 0,
        "SANE": 0,
        "VALID": 0,
        "total": 100.00539545334185
    }
}