{
    "counter": {
        "ACTIVE": 18473,
        "INACTIVE": 1409,
        "INVALID": 0,
        "MALICIOUS": 0,
        "SANE": 0,
        "VALID": 0,
        "total": 19882
    },
    "percentage": {
        "ACTIVE": 92.9131878080676,
        "INACTIVE": 7.086812191932401,
        "INVALID": 0.0,
        "MALICIOUS": 0.0,
        "SANE": 0.0,
        "VALID": 0.0,
        "total": 100.0
    }
}