{
    "counter": {
        "ACTIVE": 10983,
        "INACTIVE": 636,
        "INVALID": 0,
        "MALICIOUS": 0,
        "SANE": 0,
        "VALID": 0,
        "total": 11619
    },
    "percentage": {
        "ACTIVE": 94.52620707461915,
        "INACTIVE": 5.890525145873854,
        "INVALID": 0,
        "MALICIOUS": 0,
        "SANE": 0,
        "VALID": 0,
        "total": 100.416732220493
    }
}