{
    "counter": {
        "ACTIVE": 5069,
        "INACTIVE": 643,
        "INVALID": 0,
        "MALICIOUS": 0,
        "SANE": 0,
        "VALID": 0,
        "total": 5712
    },
    "percentage": {
        "ACTIVE": 88.74299719887955,
        "INACTIVE": 23.021840315073398,
        "INVALID": 0,
        "MALICIOUS": 0,
        "SANE": 0,
        "VALID": 0,
        "total": 111.76483751395295
    }
}