{
    "counter": {
        "ACTIVE": 11313,
        "INACTIVE": 643,
        "INVALID": 0,
        "MALICIOUS": 0,
        "SANE": 0,
        "VALID": 0,
        "total": 11956
    },
    "percentage": {
        "ACTIVE": 94.62194713951155,
        "INACTIVE": 23.021840315073398,
        "INVALID": 0,
        "MALICIOUS": 0,
        "SANE": 0,
        "VALID": 0,
        "total": 117.64378745458495
    }
}