{
    "counter": {
        "ACTIVE": 14287,
        "INACTIVE": 872,
        "INVALID": 0,
        "MALICIOUS": 0,
        "SANE": 0,
        "VALID": 0,
        "total": 15159
    },
    "percentage": {
        "ACTIVE": 94.24764166501748,
        "INACTIVE": 5.753117371511513,
        "INVALID": 0,
        "MALICIOUS": 0,
        "SANE": 0,
        "VALID": 0,
        "total": 100.00075903652899
    }
}