{
    "counter": {
        "ACTIVE": 10870,
        "INACTIVE": 643,
        "INVALID": 0,
        "MALICIOUS": 0,
        "SANE": 0,
        "VALID": 0,
        "total": 11513
    },
    "percentage": {
        "ACTIVE": 94.41500912012508,
        "INACTIVE": 23.021840315073398,
        "INVALID": 0,
        "MALICIOUS": 0,
        "SANE": 0,
        "VALID": 0,
        "total": 117.43684943519847
    }
}