{
    "counter": {
        "ACTIVE": 5233,
        "INACTIVE": 643,
        "INVALID": 0,
        "MALICIOUS": 0,
        "SANE": 0,
        "VALID": 0,
        "total": 5876
    },
    "percentage": {
        "ACTIVE": 89.0571817562968,
        "INACTIVE": 23.021840315073398,
        "INVALID": 0,
        "MALICIOUS": 0,
        "SANE": 0,
        "VALID": 0,
        "total": 112.07902207137019
    }
}