{
    "counter": {
        "ACTIVE": 4134,
        "INACTIVE": 643,
        "INVALID": 0,
        "MALICIOUS": 0,
        "SANE": 0,
        "VALID": 0,
        "total": 4777
    },
    "percentage": {
        "ACTIVE": 86.53966924848231,
        "INACTIVE": 23.021840315073398,
        "INVALID": 0,
        "MALICIOUS": 0,
        "SANE": 0,
        "VALID": 0,
        "total": 109.56150956355572
    }
}