{
    "counter": {
        "ACTIVE": 13554,
        "INACTIVE": 636,
        "INVALID": 0,
        "MALICIOUS": 0,
        "SANE": 0,
        "VALID": 0,
        "total": 14190
    },
    "percentage": {
        "ACTIVE": 95.51797040169133,
        "INACTIVE": 5.890525145873854,
        "INVALID": 0,
        "MALICIOUS": 0,
        "SANE": 0,
        "VALID": 0,
        "total": 101.40849554756518
    }
}