{
    "counter": {
        "ACTIVE": 12673,
        "INACTIVE": 636,
        "INVALID": 0,
        "MALICIOUS": 0,
        "SANE": 0,
        "VALID": 0,
        "total": 13309
    },
    "percentage": {
        "ACTIVE": 95.22127883387182,
        "INACTIVE": 5.890525145873854,
        "INVALID": 0,
        "MALICIOUS": 0,
        "SANE": 0,
        "VALID": 0,
        "total": 101.11180397974567
    }
}