{
    "counter": {
        "ACTIVE": 16478,
        "INACTIVE": 996,
        "INVALID": 0,
        "MALICIOUS": 0,
        "SANE": 0,
        "VALID": 0,
        "total": 17474
    },
    "percentage": {
        "ACTIVE": 94.30010301018656,
        "INACTIVE": 5.700549450549451,
        "INVALID": 0,
        "MALICIOUS": 0,
        "SANE": 0,
        "VALID": 0,
        "total": 100.000652460736
    }
}