{
    "counter": {
        "ACTIVE": 16513,
        "INACTIVE": 1488,
        "INVALID": 0,
        "MALICIOUS": 0,
        "SANE": 0,
        "VALID": 0,
        "total": 18001
    },
    "percentage": {
        "ACTIVE": 91.7337925670796,
        "INACTIVE": 8.267585287254139,
        "INVALID": 0,
        "MALICIOUS": 0,
        "SANE": 0,
        "VALID": 0,
        "total": 100.00137785433374
    }
}