{
    "counter": {
        "ACTIVE": 9611,
        "INACTIVE": 643,
        "INVALID": 0,
        "MALICIOUS": 0,
        "SANE": 0,
        "VALID": 0,
        "total": 10254
    },
    "percentage": {
        "ACTIVE": 93.72927637994928,
        "INACTIVE": 23.021840315073398,
        "INVALID": 0,
        "MALICIOUS": 0,
        "SANE": 0,
        "VALID": 0,
        "total": 116.75111669502269
    }
}