{
    "counter": {
        "ACTIVE": 9926,
        "INACTIVE": 643,
        "INVALID": 0,
        "MALICIOUS": 0,
        "SANE": 0,
        "VALID": 0,
        "total": 10569
    },
    "percentage": {
        "ACTIVE": 93.91616993093008,
        "INACTIVE": 23.021840315073398,
        "INVALID": 0,
        "MALICIOUS": 0,
        "SANE": 0,
        "VALID": 0,
        "total": 116.93801024600347
    }
}