{
    "counter": {
        "ACTIVE": 18042,
        "INACTIVE": 1243,
        "INVALID": 0,
        "MALICIOUS": 0,
        "SANE": 0,
        "VALID": 0,
        "total": 19285
    },
    "percentage": {
        "ACTIVE": 93.55457609541094,
        "INACTIVE": 6.445423904589059,
        "INVALID": 0.0,
        "MALICIOUS": 0.0,
        "SANE": 0.0,
        "VALID": 0.0,
        "total": 100.0
    }
}