{
    "counter": {
        "ACTIVE": 1259,
        "INACTIVE": 624,
        "INVALID": 0,
        "MALICIOUS": 0,
        "SANE": 0,
        "VALID": 0,
        "total": 1883
    },
    "percentage": {
        "ACTIVE": 66.86139139670738,
        "INACTIVE": 33.26226012793177,
        "INVALID": 0,
        "MALICIOUS": 0,
        "SANE": 0,
        "VALID": 0,
        "total": 100.12365152463914
    }
}