{
    "counter": {
        "ACTIVE": 16630,
        "INACTIVE": 1005,
        "INVALID": 0,
        "MALICIOUS": 0,
        "SANE": 0,
        "VALID": 0,
        "total": 17635
    },
    "percentage": {
        "ACTIVE": 94.30110575559966,
        "INACTIVE": 5.701157249829817,
        "INVALID": 0,
        "MALICIOUS": 0,
        "SANE": 0,
        "VALID": 0,
        "total": 100.00226300542948
    }
}