{
    "counter": {
        "ACTIVE": 15647,
        "INACTIVE": 1086,
        "INVALID": 0,
        "MALICIOUS": 0,
        "SANE": 0,
        "VALID": 0,
        "total": 16733
    },
    "percentage": {
        "ACTIVE": 93.50983087312497,
        "INACTIVE": 6.492497160279787,
        "INVALID": 0,
        "MALICIOUS": 0,
        "SANE": 0,
        "VALID": 0,
        "total": 100.00232803340475
    }
}