{
    "counter": {
        "ACTIVE": 18448,
        "INACTIVE": 1409,
        "INVALID": 0,
        "MALICIOUS": 0,
        "SANE": 0,
        "VALID": 0,
        "total": 19857
    },
    "percentage": {
        "ACTIVE": 92.90426549831294,
        "INACTIVE": 7.095734501687063,
        "INVALID": 0.0,
        "MALICIOUS": 0.0,
        "SANE": 0.0,
        "VALID": 0.0,
        "total": 100.0
    }
}