{
    "counter": {
        "ACTIVE": 18433,
        "INACTIVE": 1398,
        "INVALID": 0,
        "MALICIOUS": 0,
        "SANE": 0,
        "VALID": 0,
        "total": 19831
    },
    "percentage": {
        "ACTIVE": 92.9504311431597,
        "INACTIVE": 7.049568856840301,
        "INVALID": 0.0,
        "MALICIOUS": 0.0,
        "SANE": 0.0,
        "VALID": 0.0,
        "total": 100.0
    }
}