{
    "counter": {
        "ACTIVE": 14601,
        "INACTIVE": 931,
        "INVALID": 0,
        "MALICIOUS": 0,
        "SANE": 0,
        "VALID": 0,
        "total": 15532
    },
    "percentage": {
        "ACTIVE": 94.00592325521504,
        "INACTIVE": 5.99446268752817,
        "INVALID": 0,
        "MALICIOUS": 0,
        "SANE": 0,
        "VALID": 0,
        "total": 100.00038594274321
    }
}