{
    "counter": {
        "ACTIVE": 1486,
        "INACTIVE": 626,
        "INVALID": 0,
        "MALICIOUS": 0,
        "SANE": 0,
        "VALID": 0,
        "total": 2112
    },
    "percentage": {
        "ACTIVE": 70.35984848484848,
        "INACTIVE": 32.93003682272488,
        "INVALID": 0,
        "MALICIOUS": 0,
        "SANE": 0,
        "VALID": 0,
        "total": 103.28988530757337
    }
}