{
    "counter": {
        "ACTIVE": 18323,
        "INACTIVE": 1339,
        "INVALID": 0,
        "MALICIOUS": 0,
        "SANE": 0,
        "VALID": 0,
        "total": 19662
    },
    "percentage": {
        "ACTIVE": 93.18990947004374,
        "INACTIVE": 6.810090529956261,
        "INVALID": 0.0,
        "MALICIOUS": 0.0,
        "SANE": 0.0,
        "VALID": 0.0,
        "total": 100.0
    }
}