{
    "counter": {
        "ACTIVE": 16711,
        "INACTIVE": 1005,
        "INVALID": 0,
        "MALICIOUS": 0,
        "SANE": 0,
        "VALID": 0,
        "total": 17716
    },
    "percentage": {
        "ACTIVE": 94.32716188755927,
        "INACTIVE": 5.701157249829817,
        "INVALID": 0,
        "MALICIOUS": 0,
        "SANE": 0,
        "VALID": 0,
        "total": 100.02831913738909
    }
}