{
    "counter": {
        "ACTIVE": 14969,
        "INACTIVE": 742,
        "INVALID": 0,
        "MALICIOUS": 0,
        "SANE": 0,
        "VALID": 0,
        "total": 15711
    },
    "percentage": {
        "ACTIVE": 95.27719432244923,
        "INACTIVE": 4.724008403896352,
        "INVALID": 0,
        "MALICIOUS": 0,
        "SANE": 0,
        "VALID": 0,
        "total": 100.00120272634558
    }
}