{
    "counter": {
        "ACTIVE": 11922,
        "INACTIVE": 643,
        "INVALID": 0,
        "MALICIOUS": 0,
        "SANE": 0,
        "VALID": 0,
        "total": 12565
    },
    "percentage": {
        "ACTIVE": 94.88261042578591,
        "INACTIVE": 23.021840315073398,
        "INVALID": 0,
        "MALICIOUS": 0,
        "SANE": 0,
        "VALID": 0,
        "total": 117.90445074085932
    }
}