{
    "counter": {
        "ACTIVE": 5258,
        "INACTIVE": 634,
        "INVALID": 0,
        "MALICIOUS": 0,
        "SANE": 0,
        "VALID": 0,
        "total": 5892
    },
    "percentage": {
        "ACTIVE": 89.23964697895451,
        "INACTIVE": 22.191109555477773,
        "INVALID": 0,
        "MALICIOUS": 0,
        "SANE": 0,
        "VALID": 0,
        "total": 111.43075653443228
    }
}