{
    "counter": {
        "ACTIVE": 12841,
        "INACTIVE": 643,
        "INVALID": 0,
        "MALICIOUS": 0,
        "SANE": 0,
        "VALID": 0,
        "total": 13484
    },
    "percentage": {
        "ACTIVE": 95.23138534559477,
        "INACTIVE": 23.021840315073398,
        "INVALID": 0,
        "MALICIOUS": 0,
        "SANE": 0,
        "VALID": 0,
        "total": 118.25322566066816
    }
}