{
    "counter": {
        "ACTIVE": 14739,
        "INACTIVE": 735,
        "INVALID": 0,
        "MALICIOUS": 0,
        "SANE": 0,
        "VALID": 0,
        "total": 15474
    },
    "percentage": {
        "ACTIVE": 95.25625282750597,
        "INACTIVE": 4.749903063202792,
        "INVALID": 0,
        "MALICIOUS": 0,
        "SANE": 0,
        "VALID": 0,
        "total": 100.00615589070877
    }
}