{
    "counter": {
        "ACTIVE": 2445,
        "INACTIVE": 643,
        "INVALID": 0,
        "MALICIOUS": 0,
        "SANE": 0,
        "VALID": 0,
        "total": 3088
    },
    "percentage": {
        "ACTIVE": 79.17746113989638,
        "INACTIVE": 23.021840315073398,
        "INVALID": 0,
        "MALICIOUS": 0,
        "SANE": 0,
        "VALID": 0,
        "total": 102.19930145496977
    }
}