{
    "counter": {
        "ACTIVE": 15637,
        "INACTIVE": 788,
        "INVALID": 0,
        "MALICIOUS": 0,
        "SANE": 0,
        "VALID": 0,
        "total": 16425
    },
    "percentage": {
        "ACTIVE": 95.20823185582076,
        "INACTIVE": 4.797564687975647,
        "INVALID": 0,
        "MALICIOUS": 0,
        "SANE": 0,
        "VALID": 0,
        "total": 100.00579654379641
    }
}