{
    "counter": {
        "ACTIVE": 7120,
        "INACTIVE": 643,
        "INVALID": 0,
        "MALICIOUS": 0,
        "SANE": 0,
        "VALID": 0,
        "total": 7763
    },
    "percentage": {
        "ACTIVE": 91.71711967023059,
        "INACTIVE": 23.021840315073398,
        "INVALID": 0,
        "MALICIOUS": 0,
        "SANE": 0,
        "VALID": 0,
        "total": 114.73895998530398
    }
}