{
    "counter": {
        "ACTIVE": 18384,
        "INACTIVE": 1384,
        "INVALID": 0,
        "MALICIOUS": 0,
        "SANE": 0,
        "VALID": 0,
        "total": 19768
    },
    "percentage": {
        "ACTIVE": 92.99878591663294,
        "INACTIVE": 7.001214083367058,
        "INVALID": 0.0,
        "MALICIOUS": 0.0,
        "SANE": 0.0,
        "VALID": 0.0,
        "total": 100.0
    }
}