{
    "counter": {
        "ACTIVE": 17227,
        "INACTIVE": 1069,
        "INVALID": 0,
        "MALICIOUS": 0,
        "SANE": 0,
        "VALID": 0,
        "total": 18296
    },
    "percentage": {
        "ACTIVE": 94.15719282903366,
        "INACTIVE": 5.843126537305275,
        "INVALID": 0,
        "MALICIOUS": 0,
        "SANE": 0,
        "VALID": 0,
        "total": 100.00031936633894
    }
}