{
    "counter": {
        "ACTIVE": 13951,
        "INACTIVE": 722,
        "INVALID": 0,
        "MALICIOUS": 0,
        "SANE": 0,
        "VALID": 0,
        "total": 14673
    },
    "percentage": {
        "ACTIVE": 95.07939753288353,
        "INACTIVE": 4.920937840785169,
        "INVALID": 0,
        "MALICIOUS": 0,
        "SANE": 0,
        "VALID": 0,
        "total": 100.0003353736687
    }
}