{
    "counter": {
        "ACTIVE": 15127,
        "INACTIVE": 752,
        "INVALID": 0,
        "MALICIOUS": 0,
        "SANE": 0,
        "VALID": 0,
        "total": 15879
    },
    "percentage": {
        "ACTIVE": 95.26418540210341,
        "INACTIVE": 4.73641116079864,
        "INVALID": 0,
        "MALICIOUS": 0,
        "SANE": 0,
        "VALID": 0,
        "total": 100.00059656290205
    }
}