{
    "counter": {
        "ACTIVE": 14490,
        "INACTIVE": 730,
        "INVALID": 0,
        "MALICIOUS": 0,
        "SANE": 0,
        "VALID": 0,
        "total": 15220
    },
    "percentage": {
        "ACTIVE": 95.20367936925099,
        "INACTIVE": 4.844382507133851,
        "INVALID": 0,
        "MALICIOUS": 0,
        "SANE": 0,
        "VALID": 0,
        "total": 100.04806187638485
    }
}