{
    "counter": {
        "ACTIVE": 15320,
        "INACTIVE": 1029,
        "INVALID": 0,
        "MALICIOUS": 0,
        "SANE": 0,
        "VALID": 0,
        "total": 16349
    },
    "percentage": {
        "ACTIVE": 93.70603706648724,
        "INACTIVE": 6.310560529866307,
        "INVALID": 0,
        "MALICIOUS": 0,
        "SANE": 0,
        "VALID": 0,
        "total": 100.01659759635355
    }
}