{
    "counter": {
        "ACTIVE": 17527,
        "INACTIVE": 1120,
        "INVALID": 0,
        "MALICIOUS": 0,
        "SANE": 0,
        "VALID": 0,
        "total": 18647
    },
    "percentage": {
        "ACTIVE": 93.99367190432777,
        "INACTIVE": 6.006972378653795,
        "INVALID": 0,
        "MALICIOUS": 0,
        "SANE": 0,
        "VALID": 0,
        "total": 100.00064428298157
    }
}