{
    "counter": {
        "ACTIVE": 18349,
        "INACTIVE": 1355,
        "INVALID": 0,
        "MALICIOUS": 0,
        "SANE": 0,
        "VALID": 0,
        "total": 19704
    },
    "percentage": {
        "ACTIVE": 93.12322371092164,
        "INACTIVE": 6.87677628907836,
        "INVALID": 0.0,
        "MALICIOUS": 0.0,
        "SANE": 0.0,
        "VALID": 0.0,
        "total": 100.0
    }
}