{
    "counter": {
        "ACTIVE": 16328,
        "INACTIVE": 953,
        "INVALID": 0,
        "MALICIOUS": 0,
        "SANE": 0,
        "VALID": 0,
        "total": 17281
    },
    "percentage": {
        "ACTIVE": 94.48527284300677,
        "INACTIVE": 5.515046296296297,
        "INVALID": 0,
        "MALICIOUS": 0,
        "SANE": 0,
        "VALID": 0,
        "total": 100.00031913930306
    }
}