{
    "counter": {
        "ACTIVE": 10078,
        "INACTIVE": 643,
        "INVALID": 0,
        "MALICIOUS": 0,
        "SANE": 0,
        "VALID": 0,
        "total": 10721
    },
    "percentage": {
        "ACTIVE": 94.00242514690794,
        "INACTIVE": 23.021840315073398,
        "INVALID": 0,
        "MALICIOUS": 0,
        "SANE": 0,
        "VALID": 0,
        "total": 117.02426546198134
    }
}