{
    "counter": {
        "ACTIVE": 3528,
        "INACTIVE": 643,
        "INVALID": 0,
        "MALICIOUS": 0,
        "SANE": 0,
        "VALID": 0,
        "total": 4171
    },
    "percentage": {
        "ACTIVE": 84.58403260608966,
        "INACTIVE": 23.021840315073398,
        "INVALID": 0,
        "MALICIOUS": 0,
        "SANE": 0,
        "VALID": 0,
        "total": 107.60587292116307
    }
}