{
    "counter": {
        "ACTIVE": 16610,
        "INACTIVE": 1504,
        "INVALID": 0,
        "MALICIOUS": 0,
        "SANE": 0,
        "VALID": 0,
        "total": 18114
    },
    "percentage": {
        "ACTIVE": 91.6970299216076,
        "INACTIVE": 8.305262576619361,
        "INVALID": 0,
        "MALICIOUS": 0,
        "SANE": 0,
        "VALID": 0,
        "total": 100.00229249822695
    }
}