{
    "counter": {
        "ACTIVE": 10034,
        "INACTIVE": 634,
        "INVALID": 0,
        "MALICIOUS": 0,
        "SANE": 0,
        "VALID": 0,
        "total": 10668
    },
    "percentage": {
        "ACTIVE": 94.05699287589051,
        "INACTIVE": 22.191109555477773,
        "INVALID": 0,
        "MALICIOUS": 0,
        "SANE": 0,
        "VALID": 0,
        "total": 116.2481024313683
    }
}