{
    "counter": {
        "ACTIVE": 630,
        "INACTIVE": 488,
        "INVALID": 0,
        "MALICIOUS": 0,
        "SANE": 0,
        "VALID": 0,
        "total": 1118
    },
    "percentage": {
        "ACTIVE": 56.35062611806798,
        "INACTIVE": 44.688644688644686,
        "INVALID": 0,
        "MALICIOUS": 0,
        "SANE": 0,
        "VALID": 0,
        "total": 101.03927080671266
    }
}