{
    "counter": {
        "ACTIVE": 10211,
        "INACTIVE": 636,
        "INVALID": 0,
        "MALICIOUS": 0,
        "SANE": 0,
        "VALID": 0,
        "total": 10847
    },
    "percentage": {
        "ACTIVE": 94.13662763897852,
        "INACTIVE": 5.890525145873854,
        "INVALID": 0,
        "MALICIOUS": 0,
        "SANE": 0,
        "VALID": 0,
        "total": 100.02715278485238
    }
}