{
    "counter": {
        "ACTIVE": 15019,
        "INACTIVE": 1017,
        "INVALID": 0,
        "MALICIOUS": 0,
        "SANE": 0,
        "VALID": 0,
        "total": 16036
    },
    "percentage": {
        "ACTIVE": 93.6580194562235,
        "INACTIVE": 6.369785794813979,
        "INVALID": 0,
        "MALICIOUS": 0,
        "SANE": 0,
        "VALID": 0,
        "total": 100.02780525103748
    }
}