{
    "counter": {
        "ACTIVE": 18492,
        "INACTIVE": 1409,
        "INVALID": 0,
        "MALICIOUS": 0,
        "SANE": 0,
        "VALID": 0,
        "total": 19901
    },
    "percentage": {
        "ACTIVE": 92.91995377116727,
        "INACTIVE": 7.080046228832722,
        "INVALID": 0.0,
        "MALICIOUS": 0.0,
        "SANE": 0.0,
        "VALID": 0.0,
        "total": 100.0
    }
}