{
    "counter": {
        "ACTIVE": 8670,
        "INACTIVE": 643,
        "INVALID": 0,
        "MALICIOUS": 0,
        "SANE": 0,
        "VALID": 0,
        "total": 9313
    },
    "percentage": {
        "ACTIVE": 93.09567271555889,
        "INACTIVE": 23.021840315073398,
        "INVALID": 0,
        "MALICIOUS": 0,
        "SANE": 0,
        "VALID": 0,
        "total": 116.1175130306323
    }
}