{
    "counter": {
        "ACTIVE": 14741,
        "INACTIVE": 967,
        "INVALID": 0,
        "MALICIOUS": 0,
        "SANE": 0,
        "VALID": 0,
        "total": 15708
    },
    "percentage": {
        "ACTIVE": 93.84987585153117,
        "INACTIVE": 6.156098803157627,
        "INVALID": 0,
        "MALICIOUS": 0,
        "SANE": 0,
        "VALID": 0,
        "total": 100.0059746546888
    }
}