{
    "counter": {
        "ACTIVE": 3740,
        "INACTIVE": 634,
        "INVALID": 0,
        "MALICIOUS": 0,
        "SANE": 0,
        "VALID": 0,
        "total": 4374
    },
    "percentage": {
        "ACTIVE": 85.50525834476451,
        "INACTIVE": 22.191109555477773,
        "INVALID": 0,
        "MALICIOUS": 0,
        "SANE": 0,
        "VALID": 0,
        "total": 107.69636790024228
    }
}