{
    "counter": {
        "ACTIVE": 6479,
        "INACTIVE": 643,
        "INVALID": 0,
        "MALICIOUS": 0,
        "SANE": 0,
        "VALID": 0,
        "total": 7122
    },
    "percentage": {
        "ACTIVE": 90.97163718056726,
        "INACTIVE": 23.021840315073398,
        "INVALID": 0,
        "MALICIOUS": 0,
        "SANE": 0,
        "VALID": 0,
        "total": 113.99347749564066
    }
}