{
    "counter": {
        "ACTIVE": 18394,
        "INACTIVE": 1386,
        "INVALID": 0,
        "MALICIOUS": 0,
        "SANE": 0,
        "VALID": 0,
        "total": 19780
    },
    "percentage": {
        "ACTIVE": 92.99292214357938,
        "INACTIVE": 7.007077856420627,
        "INVALID": 0.0,
        "MALICIOUS": 0.0,
        "SANE": 0.0,
        "VALID": 0.0,
        "total": 100.0
    }
}