{
    "counter": {
        "ACTIVE": 529,
        "INACTIVE": 484,
        "INVALID": 0,
        "MALICIOUS": 0,
        "SANE": 0,
        "VALID": 0,
        "total": 1013
    },
    "percentage": {
        "ACTIVE": 52.221125370187565,
        "INACTIVE": 48.30339321357285,
        "INVALID": 0,
        "MALICIOUS": 0,
        "SANE": 0,
        "VALID": 0,
        "total": 100.52451858376043
    }
}