{
    "counter": {
        "ACTIVE": 2592,
        "INACTIVE": 643,
        "INVALID": 0,
        "MALICIOUS": 0,
        "SANE": 0,
        "VALID": 0,
        "total": 3235
    },
    "percentage": {
        "ACTIVE": 80.12364760432767,
        "INACTIVE": 23.021840315073398,
        "INVALID": 0,
        "MALICIOUS": 0,
        "SANE": 0,
        "VALID": 0,
        "total": 103.14548791940106
    }
}