{
    "counter": {
        "ACTIVE": 3690,
        "INACTIVE": 643,
        "INVALID": 0,
        "MALICIOUS": 0,
        "SANE": 0,
        "VALID": 0,
        "total": 4333
    },
    "percentage": {
        "ACTIVE": 85.16039695361182,
        "INACTIVE": 23.021840315073398,
        "INVALID": 0,
        "MALICIOUS": 0,
        "SANE": 0,
        "VALID": 0,
        "total": 108.18223726868521
    }
}