{
    "counter": {
        "ACTIVE": 16301,
        "INACTIVE": 1313,
        "INVALID": 0,
        "MALICIOUS": 0,
        "SANE": 0,
        "VALID": 0,
        "total": 17614
    },
    "percentage": {
        "ACTIVE": 92.54570228227546,
        "INACTIVE": 7.454720944756714,
        "INVALID": 0,
        "MALICIOUS": 0,
        "SANE": 0,
        "VALID": 0,
        "total": 100.00042322703217
    }
}