{
    "counter": {
        "ACTIVE": 18388,
        "INACTIVE": 1384,
        "INVALID": 0,
        "MALICIOUS": 0,
        "SANE": 0,
        "VALID": 0,
        "total": 19772
    },
    "percentage": {
        "ACTIVE": 93.00020230629173,
        "INACTIVE": 6.999797693708274,
        "INVALID": 0.0,
        "MALICIOUS": 0.0,
        "SANE": 0.0,
        "VALID": 0.0,
        "total": 100.0
    }
}