{
    "counter": {
        "ACTIVE": 18162,
        "INACTIVE": 1286,
        "INVALID": 0,
        "MALICIOUS": 0,
        "SANE": 0,
        "VALID": 0,
        "total": 19448
    },
    "percentage": {
        "ACTIVE": 93.38749485808309,
        "INACTIVE": 6.612505141916906,
        "INVALID": 0.0,
        "MALICIOUS": 0.0,
        "SANE": 0.0,
        "VALID": 0.0,
        "total": 100.0
    }
}