{
    "counter": {
        "ACTIVE": 10604,
        "INACTIVE": 636,
        "INVALID": 0,
        "MALICIOUS": 0,
        "SANE": 0,
        "VALID": 0,
        "total": 11240
    },
    "percentage": {
        "ACTIVE": 94.34163701067615,
        "INACTIVE": 5.890525145873854,
        "INVALID": 0,
        "MALICIOUS": 0,
        "SANE": 0,
        "VALID": 0,
        "total": 100.23216215655
    }
}