{
    "counter": {
        "ACTIVE": 16657,
        "INACTIVE": 1005,
        "INVALID": 0,
        "MALICIOUS": 0,
        "SANE": 0,
        "VALID": 0,
        "total": 17662
    },
    "percentage": {
        "ACTIVE": 94.3098176876911,
        "INACTIVE": 5.701157249829817,
        "INVALID": 0,
        "MALICIOUS": 0,
        "SANE": 0,
        "VALID": 0,
        "total": 100.01097493752091
    }
}