{
    "counter": {
        "ACTIVE": 18379,
        "INACTIVE": 1380,
        "INVALID": 0,
        "MALICIOUS": 0,
        "SANE": 0,
        "VALID": 0,
        "total": 19759
    },
    "percentage": {
        "ACTIVE": 93.01584088263576,
        "INACTIVE": 6.984159117364239,
        "INVALID": 0.0,
        "MALICIOUS": 0.0,
        "SANE": 0.0,
        "VALID": 0.0,
        "total": 100.0
    }
}