{
    "counter": {
        "ACTIVE": 16261,
        "INACTIVE": 931,
        "INVALID": 0,
        "MALICIOUS": 0,
        "SANE": 0,
        "VALID": 0,
        "total": 17192
    },
    "percentage": {
        "ACTIVE": 94.58469055374593,
        "INACTIVE": 5.418145841820404,
        "INVALID": 0,
        "MALICIOUS": 0,
        "SANE": 0,
        "VALID": 0,
        "total": 100.00283639556633
    }
}