{
    "counter": {
        "ACTIVE": 18392,
        "INACTIVE": 1384,
        "INVALID": 0,
        "MALICIOUS": 0,
        "SANE": 0,
        "VALID": 0,
        "total": 19776
    },
    "percentage": {
        "ACTIVE": 93.00161812297735,
        "INACTIVE": 6.998381877022654,
        "INVALID": 0.0,
        "MALICIOUS": 0.0,
        "SANE": 0.0,
        "VALID": 0.0,
        "total": 100.0
    }
}