{
    "counter": {
        "ACTIVE": 1915,
        "INACTIVE": 605,
        "INVALID": 0,
        "MALICIOUS": 0,
        "SANE": 0,
        "VALID": 0,
        "total": 2520
    },
    "percentage": {
        "ACTIVE": 75.9920634920635,
        "INACTIVE": 31.875658587987356,
        "INVALID": 0,
        "MALICIOUS": 0,
        "SANE": 0,
        "VALID": 0,
        "total": 107.86772208005085
    }
}