{
    "counter": {
        "ACTIVE": 14417,
        "INACTIVE": 912,
        "INVALID": 0,
        "MALICIOUS": 0,
        "SANE": 0,
        "VALID": 0,
        "total": 15329
    },
    "percentage": {
        "ACTIVE": 94.05049253049775,
        "INACTIVE": 5.949895615866389,
        "INVALID": 0,
        "MALICIOUS": 0,
        "SANE": 0,
        "VALID": 0,
        "total": 100.00038814636414
    }
}