{
    "counter": {
        "ACTIVE": 6641,
        "INACTIVE": 643,
        "INVALID": 0,
        "MALICIOUS": 0,
        "SANE": 0,
        "VALID": 0,
        "total": 7284
    },
    "percentage": {
        "ACTIVE": 91.17243272926963,
        "INACTIVE": 23.021840315073398,
        "INVALID": 0,
        "MALICIOUS": 0,
        "SANE": 0,
        "VALID": 0,
        "total": 114.19427304434302
    }
}