{
    "counter": {
        "ACTIVE": 13746,
        "INACTIVE": 656,
        "INVALID": 0,
        "MALICIOUS": 0,
        "SANE": 0,
        "VALID": 0,
        "total": 14402
    },
    "percentage": {
        "ACTIVE": 95.4450770726288,
        "INACTIVE": 4.557771138748002,
        "INVALID": 0,
        "MALICIOUS": 0,
        "SANE": 0,
        "VALID": 0,
        "total": 100.0028482113768
    }
}