{
    "counter": {
        "ACTIVE": 16428,
        "INACTIVE": 1480,
        "INVALID": 0,
        "MALICIOUS": 0,
        "SANE": 0,
        "VALID": 0,
        "total": 17908
    },
    "percentage": {
        "ACTIVE": 91.73553719008264,
        "INACTIVE": 8.264924331267101,
        "INVALID": 0,
        "MALICIOUS": 0,
        "SANE": 0,
        "VALID": 0,
        "total": 100.00046152134973
    }
}