{
    "counter": {
        "ACTIVE": 16771,
        "INACTIVE": 1511,
        "INVALID": 0,
        "MALICIOUS": 0,
        "SANE": 0,
        "VALID": 0,
        "total": 18282
    },
    "percentage": {
        "ACTIVE": 91.73503992998577,
        "INACTIVE": 8.269030810485416,
        "INVALID": 0,
        "MALICIOUS": 0,
        "SANE": 0,
        "VALID": 0,
        "total": 100.00407074047119
    }
}