{
    "counter": {
        "ACTIVE": 16432,
        "INACTIVE": 987,
        "INVALID": 0,
        "MALICIOUS": 0,
        "SANE": 0,
        "VALID": 0,
        "total": 17419
    },
    "percentage": {
        "ACTIVE": 94.33918934435641,
        "INACTIVE": 5.666226534244216,
        "INVALID": 0,
        "MALICIOUS": 0,
        "SANE": 0,
        "VALID": 0,
        "total": 100.00541587860063
    }
}