{
    "counter": {
        "ACTIVE": 16618,
        "INACTIVE": 999,
        "INVALID": 0,
        "MALICIOUS": 0,
        "SANE": 0,
        "VALID": 0,
        "total": 17617
    },
    "percentage": {
        "ACTIVE": 94.3346957311535,
        "INACTIVE": 5.670659022535052,
        "INVALID": 0,
        "MALICIOUS": 0,
        "SANE": 0,
        "VALID": 0,
        "total": 100.00535475368855
    }
}