{
    "counter": {
        "ACTIVE": 8837,
        "INACTIVE": 643,
        "INVALID": 0,
        "MALICIOUS": 0,
        "SANE": 0,
        "VALID": 0,
        "total": 9480
    },
    "percentage": {
        "ACTIVE": 93.21729957805907,
        "INACTIVE": 23.021840315073398,
        "INVALID": 0,
        "MALICIOUS": 0,
        "SANE": 0,
        "VALID": 0,
        "total": 116.23913989313246
    }
}