{
    "counter": {
        "ACTIVE": 7273,
        "INACTIVE": 643,
        "INVALID": 0,
        "MALICIOUS": 0,
        "SANE": 0,
        "VALID": 0,
        "total": 7916
    },
    "percentage": {
        "ACTIVE": 91.87721071248104,
        "INACTIVE": 23.021840315073398,
        "INVALID": 0,
        "MALICIOUS": 0,
        "SANE": 0,
        "VALID": 0,
        "total": 114.89905102755444
    }
}