{
    "counter": {
        "ACTIVE": 1079,
        "INACTIVE": 520,
        "INVALID": 0,
        "MALICIOUS": 0,
        "SANE": 0,
        "VALID": 0,
        "total": 1599
    },
    "percentage": {
        "ACTIVE": 67.5641828428303,
        "INACTIVE": 32.520325203252035,
        "INVALID": 0,
        "MALICIOUS": 0,
        "SANE": 0,
        "VALID": 0,
        "total": 100.08450804608233
    }
}