{
    "counter": {
        "ACTIVE": 14874,
        "INACTIVE": 1006,
        "INVALID": 0,
        "MALICIOUS": 0,
        "SANE": 0,
        "VALID": 0,
        "total": 15880
    },
    "percentage": {
        "ACTIVE": 93.67088607594937,
        "INACTIVE": 6.335012594458438,
        "INVALID": 0,
        "MALICIOUS": 0,
        "SANE": 0,
        "VALID": 0,
        "total": 100.0058986704078
    }
}