{
    "counter": {
        "ACTIVE": 13005,
        "INACTIVE": 643,
        "INVALID": 0,
        "MALICIOUS": 0,
        "SANE": 0,
        "VALID": 0,
        "total": 13648
    },
    "percentage": {
        "ACTIVE": 95.28868698710434,
        "INACTIVE": 23.021840315073398,
        "INVALID": 0,
        "MALICIOUS": 0,
        "SANE": 0,
        "VALID": 0,
        "total": 118.31052730217775
    }
}