{
    "counter": {
        "ACTIVE": 18446,
        "INACTIVE": 1409,
        "INVALID": 0,
        "MALICIOUS": 0,
        "SANE": 0,
        "VALID": 0,
        "total": 19855
    },
    "percentage": {
        "ACTIVE": 92.90355074288593,
        "INACTIVE": 7.096449257114077,
        "INVALID": 0.0,
        "MALICIOUS": 0.0,
        "SANE": 0.0,
        "VALID": 0.0,
        "total": 100.0
    }
}