{
    "counter": {
        "ACTIVE": 15437,
        "INACTIVE": 776,
        "INVALID": 0,
        "MALICIOUS": 0,
        "SANE": 0,
        "VALID": 0,
        "total": 16213
    },
    "percentage": {
        "ACTIVE": 95.2137173872818,
        "INACTIVE": 4.788941002221674,
        "INVALID": 0,
        "MALICIOUS": 0,
        "SANE": 0,
        "VALID": 0,
        "total": 100.00265838950348
    }
}