{
    "counter": {
        "ACTIVE": 7744,
        "INACTIVE": 634,
        "INVALID": 0,
        "MALICIOUS": 0,
        "SANE": 0,
        "VALID": 0,
        "total": 8378
    },
    "percentage": {
        "ACTIVE": 92.43256147051802,
        "INACTIVE": 22.191109555477773,
        "INVALID": 0,
        "MALICIOUS": 0,
        "SANE": 0,
        "VALID": 0,
        "total": 114.6236710259958
    }
}