{
    "counter": {
        "ACTIVE": 16533,
        "INACTIVE": 1491,
        "INVALID": 0,
        "MALICIOUS": 0,
        "SANE": 0,
        "VALID": 0,
        "total": 18024
    },
    "percentage": {
        "ACTIVE": 91.73278588470288,
        "INACTIVE": 8.272303595206392,
        "INVALID": 0,
        "MALICIOUS": 0,
        "SANE": 0,
        "VALID": 0,
        "total": 100.00508947990927
    }
}