{
    "counter": {
        "ACTIVE": 18546,
        "INACTIVE": 1409,
        "INVALID": 0,
        "MALICIOUS": 0,
        "SANE": 0,
        "VALID": 0,
        "total": 19955
    },
    "percentage": {
        "ACTIVE": 92.93911300425958,
        "INACTIVE": 7.060886995740416,
        "INVALID": 0.0,
        "MALICIOUS": 0.0,
        "SANE": 0.0,
        "VALID": 0.0,
        "total": 100.0
    }
}