{
    "counter": {
        "ACTIVE": 10703,
        "INACTIVE": 643,
        "INVALID": 0,
        "MALICIOUS": 0,
        "SANE": 0,
        "VALID": 0,
        "total": 11346
    },
    "percentage": {
        "ACTIVE": 94.33280451260356,
        "INACTIVE": 23.021840315073398,
        "INVALID": 0,
        "MALICIOUS": 0,
        "SANE": 0,
        "VALID": 0,
        "total": 117.35464482767696
    }
}