{
    "counter": {
        "ACTIVE": 10717,
        "INACTIVE": 643,
        "INVALID": 0,
        "MALICIOUS": 0,
        "SANE": 0,
        "VALID": 0,
        "total": 11360
    },
    "percentage": {
        "ACTIVE": 94.33978873239437,
        "INACTIVE": 23.021840315073398,
        "INVALID": 0,
        "MALICIOUS": 0,
        "SANE": 0,
        "VALID": 0,
        "total": 117.36162904746777
    }
}