{
    "counter": {
        "ACTIVE": 18420,
        "INACTIVE": 1389,
        "INVALID": 0,
        "MALICIOUS": 0,
        "SANE": 0,
        "VALID": 0,
        "total": 19809
    },
    "percentage": {
        "ACTIVE": 92.9880357413297,
        "INACTIVE": 7.011964258670301,
        "INVALID": 0.0,
        "MALICIOUS": 0.0,
        "SANE": 0.0,
        "VALID": 0.0,
        "total": 100.0
    }
}