{
    "counter": {
        "ACTIVE": 11335,
        "INACTIVE": 636,
        "INVALID": 0,
        "MALICIOUS": 0,
        "SANE": 0,
        "VALID": 0,
        "total": 11971
    },
    "percentage": {
        "ACTIVE": 94.68716063820901,
        "INACTIVE": 5.890525145873854,
        "INVALID": 0,
        "MALICIOUS": 0,
        "SANE": 0,
        "VALID": 0,
        "total": 100.57768578408286
    }
}