{
    "counter": {
        "ACTIVE": 18496,
        "INACTIVE": 1409,
        "INVALID": 0,
        "MALICIOUS": 0,
        "SANE": 0,
        "VALID": 0,
        "total": 19905
    },
    "percentage": {
        "ACTIVE": 92.92137653855815,
        "INACTIVE": 7.078623461441849,
        "INVALID": 0.0,
        "MALICIOUS": 0.0,
        "SANE": 0.0,
        "VALID": 0.0,
        "total": 100.0
    }
}