{
    "counter": {
        "ACTIVE": 120,
        "INACTIVE": 174,
        "INVALID": 0,
        "MALICIOUS": 0,
        "SANE": 0,
        "VALID": 0,
        "total": 294
    },
    "percentage": {
        "ACTIVE": 40.816326530612244,
        "INACTIVE": 71.90082644628099,
        "INVALID": 0,
        "MALICIOUS": 0,
        "SANE": 0,
        "VALID": 0,
        "total": 112.71715297689323
    }
}