{
    "counter": {
        "ACTIVE": 6612,
        "INACTIVE": 634,
        "INVALID": 0,
        "MALICIOUS": 0,
        "SANE": 0,
        "VALID": 0,
        "total": 7246
    },
    "percentage": {
        "ACTIVE": 91.25034501794093,
        "INACTIVE": 22.191109555477773,
        "INVALID": 0,
        "MALICIOUS": 0,
        "SANE": 0,
        "VALID": 0,
        "total": 113.4414545734187
    }
}