{
    "counter": {
        "ACTIVE": 1735,
        "INACTIVE": 626,
        "INVALID": 0,
        "MALICIOUS": 0,
        "SANE": 0,
        "VALID": 0,
        "total": 2361
    },
    "percentage": {
        "ACTIVE": 73.4858110969928,
        "INACTIVE": 32.93003682272488,
        "INVALID": 0,
        "MALICIOUS": 0,
        "SANE": 0,
        "VALID": 0,
        "total": 106.41584791971769
    }
}