{
    "counter": {
        "ACTIVE": 13664,
        "INACTIVE": 636,
        "INVALID": 0,
        "MALICIOUS": 0,
        "SANE": 0,
        "VALID": 0,
        "total": 14300
    },
    "percentage": {
        "ACTIVE": 95.55244755244755,
        "INACTIVE": 5.890525145873854,
        "INVALID": 0,
        "MALICIOUS": 0,
        "SANE": 0,
        "VALID": 0,
        "total": 101.4429726983214
    }
}