{
    "counter": {
        "ACTIVE": 13305,
        "INACTIVE": 643,
        "INVALID": 0,
        "MALICIOUS": 0,
        "SANE": 0,
        "VALID": 0,
        "total": 13948
    },
    "percentage": {
        "ACTIVE": 95.39002007456266,
        "INACTIVE": 23.021840315073398,
        "INVALID": 0,
        "MALICIOUS": 0,
        "SANE": 0,
        "VALID": 0,
        "total": 118.41186038963605
    }
}