{
    "counter": {
        "ACTIVE": 15871,
        "INACTIVE": 856,
        "INVALID": 0,
        "MALICIOUS": 0,
        "SANE": 0,
        "VALID": 0,
        "total": 16727
    },
    "percentage": {
        "ACTIVE": 94.882525258564,
        "INACTIVE": 5.1199234403971525,
        "INVALID": 0,
        "MALICIOUS": 0,
        "SANE": 0,
        "VALID": 0,
        "total": 100.00244869896116
    }
}