{
    "counter": {
        "ACTIVE": 276,
        "INACTIVE": 2,
        "INVALID": 0,
        "MALICIOUS": 0,
        "SANE": 0,
        "VALID": 0,
        "total": 278
    },
    "percentage": {
        "ACTIVE": 99.28057553956835,
        "INACTIVE": 0.7272727272727273,
        "INVALID": 0,
        "MALICIOUS": 0,
        "SANE": 0,
        "VALID": 0,
        "total": 100.00784826684108
    }
}