{
    "counter": {
        "ACTIVE": 16079,
        "INACTIVE": 1142,
        "INVALID": 0,
        "MALICIOUS": 0,
        "SANE": 0,
        "VALID": 0,
        "total": 17221
    },
    "percentage": {
        "ACTIVE": 93.36856163985831,
        "INACTIVE": 6.63220860677159,
        "INVALID": 0,
        "MALICIOUS": 0,
        "SANE": 0,
        "VALID": 0,
        "total": 100.0007702466299
    }
}